region;inst_name;inst_type;province;location;designation
03 - Central Luzon;Angeles University Foundation;Private;Pampanga;City of Angeles;City
03 - Central Luzon;Sto. Rosario Sapang Palay College;Private;Bulacan;City of San Jose Del Monte;City
03 - Central Luzon;Baliuag University;Private;Bulacan;Baliuag;Municipality
03 - Central Luzon;Baliwag Maritime Foundation;Private;Bulacan;San Rafael;Municipality
03 - Central Luzon;Bataan Peninsula State University-Dinalupihan;SUC;Bataan;Dinalupihan;Municipality
03 - Central Luzon;Bataan Peninsula State University-Abucay;SUC;Bataan;Abucay;Municipality
03 - Central Luzon;Bataan Peninsula State University-Bagac;SUC;Bataan;Bagac;Municipality
03 - Central Luzon;Bataan Heroes Memorial College;Private;Bataan;City of Balanga;City
03 - Central Luzon;Bulacan Agricultural State College;SUC;Bulacan;San Ildefonso;Municipality
03 - Central Luzon;Bulacan State University-Main;SUC;Bulacan;City of Malolos;City
03 - Central Luzon;Bulacan State University-Bustos;SUC;Bulacan;City of Malolos;City
03 - Central Luzon;Bulacan State University-San Jose Del Monte;SUC;Bulacan;City of San Jose Del Monte;City
03 - Central Luzon;Bulacan State University-Meneses;SUC;Bulacan;Bulacan;Municipality
03 - Central Luzon;Bulacan State University-Hagonoy;SUC;Bulacan;Hagonoy;Municipality
03 - Central Luzon;Camiling Colleges;Private;Tarlac;Camiling;Municipality
03 - Central Luzon;CIT Colleges of Paniqui Foundation;Private;Tarlac;Paniqui;Municipality
03 - Central Luzon;Central Luzon Doctors' Hospital Educational Institution;Private;Tarlac;City of Tarlac;City
03 - Central Luzon;Central Luzon College of Science and Technology-Olongapo City;Private;Zambales;City of Olongapo;City
03 - Central Luzon;Nueva Ecija University of Science and Technology-Main;SUC;Nueva Ecija;City of Cabanatuan;City
03 - Central Luzon;Central Luzon State University;SUC;Nueva Ecija;Science City of Muñoz;Municipality
03 - Central Luzon;Centro Escolar University-Malolos City;Private;Bulacan;City of Malolos;City
03 - Central Luzon;Colegio De San Pascual Baylon;Private;Bulacan;Obando;Municipality
03 - Central Luzon;College of the Immaculate Conception;Private;Nueva Ecija;City of Cabanatuan;City
03 - Central Luzon;CORE Gateway College;Private;Nueva Ecija;San Jose City;Municipality
03 - Central Luzon;Columban College-Olongapo City;Private;Zambales;City of Olongapo;City
03 - Central Luzon;College for Research and Technology-Cabanatuan City;Private;Nueva Ecija;City of Cabanatuan;City
03 - Central Luzon;World Citi Colleges Guimba Campus;Private;Nueva Ecija;Guimba;Municipality
03 - Central Luzon;Divina Pastora College;Private;Nueva Ecija;City of Gapan;City
03 - Central Luzon;Dominican College of Tarlac;Private;Tarlac;Capas;Municipality
03 - Central Luzon;Don Honorio Ventura State University - Main;SUC;Pampanga;Bacolor;Municipality
03 - Central Luzon;Don Honorio Ventura State University - Mexico;SUC;Pampanga;Mexico;Municipality
03 - Central Luzon;Don Honorio Ventura State University - Porac;SUC;Pampanga;Porac;Municipality
03 - Central Luzon;Don Honorio Ventura State University - Sto. Tomas;SUC;Pampanga;Sto. Tomas;Municipality
03 - Central Luzon;Dr. Gloria D. Lacson Foundation Colleges - Nueva Ecija;Private;Nueva Ecija;San Leonardo;Municipality
03 - Central Luzon;Dr. Yanga's Colleges;Private;Bulacan;Bocaue;Municipality
03 - Central Luzon;General De Jesus College;Private;Nueva Ecija;San Isidro;Municipality
03 - Central Luzon;The Good Samaritan Colleges;Private;Nueva Ecija;City of Cabanatuan;City
03 - Central Luzon;Guagua National Colleges;Private;Pampanga;Guagua;Municipality
03 - Central Luzon;Holy Angel University;Private;Pampanga;City of Angeles;City
03 - Central Luzon;Holy Cross College-Nueva Ecija;Private;Nueva Ecija;Santa Rosa;Municipality
03 - Central Luzon;Holy Cross College-Pampanga;Private;Pampanga;Santa Ana;Municipality
03 - Central Luzon;Immaculate Conception Major Seminary;Private;Bulacan;Guiguinto;Municipality
03 - Central Luzon;Interworld College of Technology Foundation-Tarlac;Private;Tarlac;City of Tarlac;City
03 - Central Luzon;Jesus Is Lord Colleges Foundation;Private;Bulacan;Bocaue;Municipality
03 - Central Luzon;Jose C. Feliciano College Foundation;Private;Pampanga;Mabalacat City;Municipality
03 - Central Luzon;Lourdes College of Bulacan;Private;Bulacan;Angat;Municipality
03 - Central Luzon;Magsaysay Memorial College of Zambales;Private;Zambales;San Narciso;Municipality
03 - Central Luzon;Manuel V. Gallego Foundation Colleges;Private;Nueva Ecija;City of Cabanatuan;City
03 - Central Luzon;Maria Assumpta Seminary;Private;Nueva Ecija;City of Cabanatuan;City
03 - Central Luzon;Metro Subic Colleges;Private;Zambales;City of Olongapo;City
03 - Central Luzon;Meycauayan College;Private;Bulacan;City of Meycauayan;City
03 - Central Luzon;Microcity College of Business and Technology;Private;Bataan;City of Balanga;City
03 - Central Luzon;MIDWAY COLLEGES Inc.;Private;Nueva Ecija;City of Cabanatuan;City
03 - Central Luzon;Mondriaan Aura College;Private;Zambales;City of Olongapo;City
03 - Central Luzon;Mother of Good Counsel Seminary;Private;Pampanga;City of San Fernando;City
03 - Central Luzon;Mt.Carmel College of Bocaue Bulacan;Private;Bulacan;Bocaue;Municipality
03 - Central Luzon;Nazarenus College and Hospital Foundation;Private;Bulacan;City of Meycauayan;City
03 - Central Luzon;Nueva Ecija Doctors' Colleges;Private;Nueva Ecija;City of Cabanatuan;City
03 - Central Luzon;Carthel Science Educational Foundation;Private;Tarlac;San Manuel;Municipality
03 - Central Luzon;Osias Colleges;Private;Tarlac;City of Tarlac;City
03 - Central Luzon;Our Lady of Peace College Seminary;Private;Tarlac;City of Tarlac;City
03 - Central Luzon;Araullo University;Private;Nueva Ecija;City of Cabanatuan;City
03 - Central Luzon;Pampanga State Agricultural University;SUC;Pampanga;MAGALANG;Municipality
03 - Central Luzon;Pampanga Colleges;Private;Pampanga;Macabebe;Municipality
03 - Central Luzon;Philippine State College of Aeronautics-Pampanga Extension;SUC;Pampanga;Floridablanca;Municipality
03 - Central Luzon;Polytechnic University of the Philippines-Mariveles;SUC;Bataan;Mariveles;Municipality
03 - Central Luzon;President Ramon Magsaysay State University;SUC;Zambales;Iba;Municipality
03 - Central Luzon;President Ramon Magsaysay State University-Botolan;SUC;Zambales;Botolan;Municipality
03 - Central Luzon;President Ramon Magsaysay State University-Candelaria;SUC;Zambales;Candelaria;Municipality
03 - Central Luzon;President Ramon Magsaysay State University-Castillejos;SUC;Zambales;Castillejos;Municipality
03 - Central Luzon;President Ramon Magsaysay State University-Masinloc;SUC;Zambales;Masinloc;Municipality
03 - Central Luzon;President Ramon Magsaysay State University-Sta. Cruz;SUC;Zambales;Santa Cruz;Municipality
03 - Central Luzon;La Consolacion University Philippines;Private;Bulacan;City of Malolos;City
03 - Central Luzon;Republic Central Colleges;Private;Pampanga;City of Angeles;City
03 - Central Luzon;Nueva Ecija University of Science and Technology-Sebani Estate Agricultural College;SUC;Nueva Ecija;City of Cabanatuan;City
03 - Central Luzon;Nueva Ecija University of Science and Technology-Atate;SUC;Nueva Ecija;City of Palayan;City
03 - Central Luzon;Nueva Ecija University of Science and Technology-Fort Magsaysay;SUC;Nueva Ecija;City of Palayan;City
03 - Central Luzon;Nueva Ecija University of Science and Technology-San Isidro Campus;SUC;Nueva Ecija;San Isidro;Municipality
03 - Central Luzon;Nueva Ecija University of Science and Technology-Sumacab Campus;SUC;Nueva Ecija;City of Cabanatuan;City
03 - Central Luzon;Nueva Ecija University of Science and Technology-Peñaranda;SUC;Nueva Ecija;Peñaranda;Municipality
03 - Central Luzon;Nueva Ecija University of Science and Technology-Talavera;SUC;Nueva Ecija;Talavera;Municipality
03 - Central Luzon;Nueva Ecija University of Science and Technology-San Leonardo;SUC;Nueva Ecija;San Leonardo;Municipality
03 - Central Luzon;Nueva Ecija University of Science and Technology-Carranglan;SUC;Nueva Ecija;Carranglan;Municipality
03 - Central Luzon;Nueva Ecija University of Science and Technology-San Antonio Campus;SUC;Nueva Ecija;San Antonio;Municipality
03 - Central Luzon;Saint Anthony College of Technology;Private;Bulacan;City of San Jose Del Monte;City
03 - Central Luzon;Saint Mary's College of Meycauayan;Private;Bulacan;City of Meycauayan;City
03 - Central Luzon;St. Paul University at San Miguel;Private;Bulacan;Bulacan;Municipality
03 - Central Luzon;San Jose Christian Colleges;Private;Nueva Ecija;San Jose City;Municipality
03 - Central Luzon;STI College-City of Tarlac;Private;Tarlac;City of Tarlac;City
03 - Central Luzon;Systems Plus College Foundation;Private;Pampanga;City of Angeles;City
03 - Central Luzon;Tarlac Agricultural University;SUC;Tarlac;Camiling;Municipality
03 - Central Luzon;Tarlac State University;SUC;Tarlac;City of Tarlac;City
03 - Central Luzon;Tomas Del Rosario College;Private;Bataan;City of Balanga;City
03 - Central Luzon;University of the Assumption;Private;Pampanga;City of San Fernando;City
03 - Central Luzon;Wesleyan University-Philippines (Cabanatuan);Private;Nueva Ecija;City of Cabanatuan;City
03 - Central Luzon;President Ramon Magsaysay State University-San Marcelino;SUC;Zambales;San Marcelino;Municipality
03 - Central Luzon;Bataan Peninsula State University-Orani;SUC;Bataan;Orani;Municipality
03 - Central Luzon;Interworld Colleges Foundation - Paniqui;Private;Tarlac;Paniqui;Municipality
03 - Central Luzon;STI College-City of San Fernando;Private;Pampanga;City of San Fernando;City
03 - Central Luzon;STI College-Angeles City;Private;Pampanga;City of Angeles;City
03 - Central Luzon;STI College-Meycauayan;Private;Bulacan;City of Meycauayan;City
03 - Central Luzon;STI College-Malolos;Private;Bulacan;City of Malolos;City
03 - Central Luzon;United School of Science and Technology Colleges;Private;Tarlac;City of Tarlac;City
03 - Central Luzon;Concepcion Holy Cross College;Private;Tarlac;Concepcion;Municipality
03 - Central Luzon;Northern Zambales College;Private;Zambales;Masinloc;Municipality
03 - Central Luzon;Columban College-Sta. Cruz Zambales;Private;Zambales;Santa Cruz;Municipality
03 - Central Luzon;College of Saint Lawrence;Private;Bulacan;Balagtas;Municipality
03 - Central Luzon;Sact Mutien College;Private;Pampanga;Mabalacat City;Municipality
03 - Central Luzon;Fernandez College of Arts and Technology;Private;Bulacan;City of Baliwag;City
03 - Central Luzon;Micro Asia College of Science and Technology;Private;Zambales;Iba;Municipality
03 - Central Luzon;Sienna College of San Jose;Private;Bulacan;City of San Jose Del Monte;City
03 - Central Luzon;Bataan Peninsula State University;SUC;Bataan;City of Balanga;City
03 - Central Luzon;AMA Computer College-Cabanatuan City;Private;Nueva Ecija;City of Cabanatuan;City
03 - Central Luzon;Comteq Computer and Business College;Private;Zambales;City of Olongapo;City
03 - Central Luzon;Gordon College;LUC;Zambales;City of Olongapo;City
03 - Central Luzon;Eastwoods Professional College of Science and Technology;Private;Bataan;City of Balanga;City
03 - Central Luzon;AMA Computer College-San Fernando Pampanga;Private;Pampanga;City of San Fernando;City
03 - Central Luzon;Limay Polytechnic College;LUC;Bataan;Limay;Municipality
03 - Central Luzon;Maritime Academy of Asia and the Pacific;Private;Bataan;Mariveles;Municipality
03 - Central Luzon;AMA Computer College-Tarlac City;Private;Tarlac;City of Tarlac;City
03 - Central Luzon;Fundamental Baptist College For Asians;Private;Tarlac;City of Tarlac;City
03 - Central Luzon;St. Paul Colleges Foundation-Paniqui Tarlac;Private;Tarlac;Paniqui;Municipality
03 - Central Luzon;ABE International College of Business and Economics-Cabanatuan;Private;Nueva Ecija;City of Cabanatuan;City
03 - Central Luzon;AMA Computer College-Angeles City;Private;Pampanga;City of Angeles;City
03 - Central Luzon;Asia Pacific College of Advanced Studies;Private;Bataan;City of Balanga;City
03 - Central Luzon;College of Mary Immaculate of Pandi Bulacan;Private;Bulacan;Pandi;Municipality
03 - Central Luzon;Saint Mary's College of Baliuag;Private;Bulacan;City of Baliwag;City
03 - Central Luzon;Saint Augustine Colleges Foundation;Private;Tarlac;Paniqui;Municipality
03 - Central Luzon;Saint Rose College Educational Foundation;Private;Tarlac;Paniqui;Municipality
03 - Central Luzon;ABE International College of Business and Accountancy;Private;Bulacan;City of Malolos;City
03 - Central Luzon;AMA Computer College-Olongapo City;Private;Zambales;City of Olongapo;City
03 - Central Luzon;La Concepcion College;Private;Bulacan;City of San Jose Del Monte;City
03 - Central Luzon;Colegio De San Gabriel Arcangel;Private;Bulacan;City of San Jose Del Monte;City
03 - Central Luzon;Mary the Queen College-Pampanga;Private;Pampanga;Guagua;Municipality
03 - Central Luzon;Mount Carmel College of Casiguran;Private;Aurora;Casiguran;Municipality
03 - Central Luzon;STI College-Sta. Maria;Private;Bulacan;Santa Maria;Municipality
03 - Central Luzon;STI College-Balagtas;Private;Bulacan;Balagtas;Municipality
03 - Central Luzon;Lyceum of Subic Bay;Private;Zambales;City of Olongapo;City
03 - Central Luzon;Kolehiyo ng Subic;LUC;Zambales;Subic;Municipality
03 - Central Luzon;First City Providential College;Private;Bulacan;City of San Jose Del Monte;City
03 - Central Luzon;College of the Most Holy Trinity;Private;Bataan;Hermosa;Municipality
03 - Central Luzon;Academia de San Lorenzo Dema Ala;Private;Bulacan;City of San Jose Del Monte;City
03 - Central Luzon;Eduardo L. Joson Memorial College;LUC;Nueva Ecija;City of Palayan;City
03 - Central Luzon;The Manila Times College of Subic;Private;Zambales;City of Olongapo;City
03 - Central Luzon;St. Joseph College-Olongapo;Private;Zambales;City of Olongapo;City
03 - Central Luzon;Saint Mary's Angels College of Pampanga;Private;Pampanga;Santa Ana;Municipality
03 - Central Luzon;St. Nicolas College of Business and Technology;Private;Pampanga;City of San Fernando;City
03 - Central Luzon;Dr. Gloria D. Lacson Foundation Colleges-Cabanatuan City;Private;Nueva Ecija;City of Cabanatuan;City
03 - Central Luzon;College of Our Lady of Mt. Carmel (Pampanga);Private;Pampanga;City of San Fernando;City
03 - Central Luzon;Central Luzon College of Science and Technology-City of San Fernando (Pampanga);Private;Pampanga;City of San Fernando;City
03 - Central Luzon;Colegio de San Juan de Letran-Abucay;Private;Bataan;Abucay;Municipality
03 - Central Luzon;College of Subic Montessori-Subic Bay;Private;Zambales;City of Olongapo;City
03 - Central Luzon;STI College-Baliuag;Private;Bulacan;City of Baliwag;City
03 - Central Luzon;ACLC College of Meycauayan;Private;Bulacan;City of Meycauayan;City
03 - Central Luzon;Colegio De Calumpit;Private;Bulacan;Calumpit;Municipality
03 - Central Luzon;Gerona Junior College;Private;Tarlac;Gerona;Municipality
03 - Central Luzon;Holy Rosary Colleges Foundation;Private;Nueva Ecija;San Isidro;Municipality
03 - Central Luzon;Our Lady of Manaoag Montessori College;Private;Bulacan;Balagtas;Municipality
03 - Central Luzon;Philippine Rehabilitation Institute Foundation-Guagua;Private;Pampanga;Guagua;Municipality
03 - Central Luzon;Subic Bay Colleges;Private;Zambales;City of Olongapo;City
03 - Central Luzon;Megabyte College of Science and Technology-Florida;Private;Pampanga;Floridablanca;Municipality
03 - Central Luzon;Bataan Peninsula State University-Balanga;SUC;Bataan;City of Balanga;City
03 - Central Luzon;Bulacan Agricultural State College-Doña Remedios Trinidad;SUC;Bulacan;  Doña  Remedios Trinidad;Municipality
03 - Central Luzon;Philippine Women`s University Career Development and Continuing Education Center-Bataan;Private;Bataan;City of Balanga;City
03 - Central Luzon;Centro Colegio De Tarlac;Private;Tarlac;Bamban;Municipality
03 - Central Luzon;Philippine Women`s University Career Development and Continuing Education Center - Tarlac;Private;Tarlac;City of Tarlac;City
03 - Central Luzon;La Verdad Christian College;Private;Pampanga;Apalit;Municipality
03 - Central Luzon;St. Benilde Center for Global Competence;Private;Zambales;City of Olongapo;City
03 - Central Luzon;Marian College of Baliuag;Private;Bulacan;City of Baliwag;City
03 - Central Luzon;Mabalacat City College;LUC;Pampanga;Mabalacat City;Municipality
03 - Central Luzon;Norzagaray College;LUC;Bulacan;Norzagaray;Municipality
03 - Central Luzon;Polytechnic College of the City of Meycauayan;LUC;Bulacan;City of Meycauayan;City
03 - Central Luzon;ACLC College of Balanga;Private;Bataan;City of Balanga;City
03 - Central Luzon;ACLC College-Baliuag;Private;Bulacan;City of Baliwag;City
03 - Central Luzon;Liceo de Pulilan Colleges;Private;Bulacan;Pulilan;Municipality
03 - Central Luzon;Our Lady of Sacred Heart College of Guimba;Private;Nueva Ecija;Guimba;Municipality
03 - Central Luzon;ACLC College of Apalit;Private;Pampanga;Apalit;Municipality
03 - Central Luzon;City College of San Fernando;LUC;Pampanga;City of San Fernando;City
03 - Central Luzon;Baliwag Polytechnic College;LUC;Bulacan;City of Baliwag;City
03 - Central Luzon;Polytechnic College of Botolan;LUC;Zambales;Botolan;Municipality
03 - Central Luzon;Pambayang Dalubhasaan ng Marilao;LUC;Bulacan;Marilao;Municipality
03 - Central Luzon;Tarlac Christian Colleges;Private;Tarlac;City of Tarlac;City
03 - Central Luzon;New Era University-Pampanga;Private;Pampanga;City of San Fernando;City
03 - Central Luzon;Santa Rita College of Pampanga;Private;Pampanga;Santa Rita;Municipality
03 - Central Luzon;Lyceum of Western Luzon - Zambales;Private;Zambales;Botolan;Municipality
03 - Central Luzon;SJDM Cornerstone College;Private;Bulacan;City of San Jose Del Monte;City
03 - Central Luzon;STI College San Jose;Private;Nueva Ecija;San Jose City;Municipality
03 - Central Luzon;Colegio de Sebastian-Pampanga;Private;Pampanga;City of San Fernando;City
03 - Central Luzon;Clark College of Science and Technology;Private;Pampanga;Mabalacat City;Municipality
03 - Central Luzon;AMA Computer Learning Center College of Mabalacat;Private;Pampanga;Mabalacat City;Municipality
03 - Central Luzon;College of the Our Lady of Mercy of Pulilan Foundation;Private;Bulacan;Pulilan;Municipality
03 - Central Luzon;Guagua Community College;LUC;Pampanga;Guagua;Municipality
03 - Central Luzon;Immaculate Conception I-College of Arts and Technology;Private;Bulacan;Santa Maria;Municipality
03 - Central Luzon;City College of Angeles;LUC;Pampanga;City of Angeles;City
03 - Central Luzon;Jocson College;Private;Pampanga;City of Angeles;City
03 - Central Luzon;ACLC College of Sta. Maria;Private;Bulacan;Santa Maria;Municipality
03 - Central Luzon;Lyceum of the East-Aurora;Private;Aurora;Maria Aurora;Municipality
03 - Central Luzon;Bestlink College of the Philippines-Bulacan;Private;Bulacan;San Jose del Monte;Municipality
03 - Central Luzon;Bulacan Polytechnic College;LUC;Bulacan;City of Malolos;City
03 - Central Luzon;Erhard Science College-Bulacan;Private;Bulacan;San Rafael;Municipality
03 - Central Luzon;Golden Valley Colleges;Private;Bulacan;San Jose del Monte;Municipality
03 - Central Luzon;Our Lady of Fatima University-Pampanga;Private;Pampanga;City of San Fernando;City
03 - Central Luzon;Colleges of Advance Technology and Management of the Philippines;Private;Nueva Ecija;Guimba;Municipality
03 - Central Luzon;Exact Colleges of Asia;Private;Pampanga;Arayat;Municipality
03 - Central Luzon;St. Elizabeth Global Skills Institute;Private;Nueva Ecija;Talavera;Municipality
03 - Central Luzon;St. Thomas More College-Clark;Private;Pampanga;City of Angeles;City
03 - Central Luzon;Emmanuel System College of Bulacan;Private;Bulacan;Pulilan;Municipality
03 - Central Luzon;Richwell Colleges;Private;Bulacan;Plaridel;Municipality
03 - Central Luzon;College of Subic Montesorri-Dinalupihan;Private;Bataan;Dinalupihan;Municipality
03 - Central Luzon;ACLC College of Malolos;Private;Bulacan;City of Malolos;City
03 - Central Luzon;University of Nueva Caceres-Bataan;Private;Bataan;Dinalupihan;Municipality
03 - Central Luzon;Golden Olympus College;Private;Tarlac;City of Tarlac;City
03 - Central Luzon;Virgen Milagrosa Del Rosario College Seminary;Private;Bataan;Balanga;Municipality
03 - Central Luzon;Asian Institute of Science and Technology-Central;Private;Pampanga;Mabalacat City;Municipality
03 - Central Luzon;Living Water Essential College;Private;Nueva Ecija;Bongabon;Municipality
03 - Central Luzon;College of Saint Anthony-SJDM Bulacan;Private;Bulacan;City of San Jose Del Monte;City
03 - Central Luzon;FDSA Aviation College of Science and Technology;Private;Pampanga;Mabalacat City;Municipality
03 - Central Luzon;Mater Dei Academy - Sta. Maria;Private;Bulacan;Santa Maria;Municipality
03 - Central Luzon;Village Montessori School and Colleges;Private;Bulacan;City of San Jose Del Monte;City
03 - Central Luzon;Araullo University-San Jose Campus;Private;Nueva Ecija;San Jose City;Municipality
03 - Central Luzon;NU Bulacan;Private;Bulacan;City of Baliwag;City
03 - Central Luzon;City College of San Jose del Monte;LUC;Bulacan;City of San Jose Del Monte;City
03 - Central Luzon;Don Honorio Ventura State University - Lubao;SUC;Pampanga;Lubao;Municipality
03 - Central Luzon;Nueva Ecija University of Science and Technology-Papaya;SUC;Nueva Ecija;City of Cabanatuan;City
03 - Central Luzon;Nueva Ecija University of Science and Technology-Sto. Domingo;SUC;Nueva Ecija;Santo Domingo;Municipality
03 - Central Luzon;Kinect Academy;Private;Nueva Ecija;City of Gapan;City
03 - Central Luzon;Sacred Heart Academy of Sta. Maria Bulacan;Private;Bulacan;Santa Maria;Municipality
03 - Central Luzon;Don Honorio Ventura State University - Apalit;SUC;Pampanga;Apalit;Municipality
03 - Central Luzon;Don Honorio Ventura State University - Candaba;SUC;Pampanga;Candaba;Municipality
03 - Central Luzon;Marymount Professional Colleges;Private;Bulacan;City of Meycauayan;City
03 - Central Luzon;Gapan City College;LUC;Nueva Ecija;City of Gapan;City
03 - Central Luzon;University of the Philippines- Manila School of Health Sciences Extension Campus-Baler;SUC;Aurora;Baler;Municipality
03 - Central Luzon;University of the Philippines- Manila School of Health Sciences Extension Campus-Tarlac;SUC;Tarlac;Tarlac City;Municipality
03 - Central Luzon;West Central College of Arts and Sciences;Private;Pampanga;Floridablanca;Municipality
03 - Central Luzon;Asia Pacific College of Business and Arts Inc.;Private;Nueva Ecija;Rizal;Municipality
03 - Central Luzon;Asian Institute of Science and Technology-Baliuag;Private;Bulacan;City of Baliwag;City
03 - Central Luzon;NU Clark;Private;Pampanga;Mabalacat City;Municipality
03 - Central Luzon;Aurora State College of Technology;SUC;Aurora;Baler;Municipality
03 - Central Luzon;Aurora State College of Technology-Bazal;SUC;Aurora;Maria Aurora;Municipality
03 - Central Luzon;Aurora State College of Techonolgy-Casiguran;SUC;Aurora;Casiguran;Municipality
03 - Central Luzon;Mount Carmel College-Baler;Private;Aurora;Baler;Municipality
03 - Central Luzon;Wesleyan University-Philippines-Aurora;Private;Aurora;Maria Aurora;Municipality
03 - Central Luzon;Philippine Merchant Marine Academy;SUC;Zambales;San Narciso;Municipality
03 - Central Luzon;Polytechnic University of The Philippines-Pulilan;SUC;Bulacan;Pulilan;Municipality
03 - Central Luzon;Polytechnic University of the Philippines-Sta. Maria Bulacan;SUC;Bulacan;Santa Maria;Municipality
03 - Central Luzon;Polytechnic University of the Philippines-Cabiao;SUC;Nueva Ecija;Cabiao;Municipality
03 - Central Luzon;University of the Philippines-Diliman (Pampanga);SUC;Pampanga;Mabalacat City;Municipality
03 - Central Luzon;University of the Philippines-Diliman (Olongapo City);SUC;Zambales;Olongapo City;Municipality
03 - Central Luzon;STI College - San Jose del Monte;Private;Bulacan;City of San Jose Del Monte;City
03 - Central Luzon;Bulacan State University-San Rafael Campus;SUC;Bulacan;San Rafael;Municipality
03 - Central Luzon;Rosebelle Colleges;Private;Tarlac;Victoria;Municipality
03 - Central Luzon;Divine Grace Colleges of Pampanga;Private;Pampanga;Mabalacat City;Municipality
03 - Central Luzon;DPR Aviation College;Private;Bulacan;Plaridel;Municipality
03 - Central Luzon;Dingalan Community College;LUC;Aurora;Dingalan;Municipality
03 - Central Luzon;Colegio De San Leonardo;LUC;Nueva Ecija;San Leonardo;Municipality
03 - Central Luzon;"Santiago""Santy"" R. Austria College"";LUC;""Nueva Ecija";Jaen;Municipality;;
03 - Central Luzon;Colegio de Masinloc;LUC;Zambales;Masinloc;Municipality
03 - Central Luzon;Holy Trinity College of Technology;Private;Tarlac;Paniqui;Municipality
03 - Central Luzon;Martinet School of Business Education and Technology;Private;Tarlac;City of Tarlac;City
